﻿{"cameraMode":{"drawMode":0,"name":"Shaded","section":"Shading Mode"},"sceneLighting":false,"audioPlay":false,"sceneViewState":{"showFog":true,"showMaterialUpdate":false,"showSkybox":false,"showFlares":true,"showImageEffects":true,"showParticleSystems":true},"in2DMode":false,"pivot":{"x":3.309999942779541,"y":0.24000000953674317,"z":-0.5882809162139893},"rotation":{"x":-0.3425719439983368,"y":-0.02762855961918831,"z":0.010048254393041134,"w":-0.9390315413475037},"size":2.8578836917877199,"orthographic":false}