﻿{"cameraMode":{"drawMode":0,"name":"Shaded","section":"Shading Mode"},"sceneLighting":false,"audioPlay":false,"sceneViewState":{"showFog":true,"showMaterialUpdate":false,"showSkybox":false,"showFlares":true,"showImageEffects":true,"showParticleSystems":true},"in2DMode":false,"pivot":{"x":1.2818355560302735,"y":12.0,"z":5.059999942779541},"rotation":{"x":-0.3425719439983368,"y":-0.02762855961918831,"z":0.010048254393041134,"w":-0.9390315413475037},"size":1.4289418458938599,"orthographic":false}